use base;

INSERT INTO Libro VALUES
                      ('9788883379529', 'Le notti bianche',4.90, '2021-04-30', 'Crescere', 5, 40, './img/LeNottiBianche.jpg','Quattro notti e un mattino per raccontare una storia che si muove al buio e nella penombra della coscienza. Un giovane sognatore, abituato a nutrirsi di sentimenti e impressioni, incontra nella notte una ragazza piangente e sola che sarà per lui l‘appiglio verso il concreto mondo diurno. La città di San Pietroburgo saprà cullare nel suo bianco silenzio questa storia a due voci, fatta di confidenze notturne, attese e speranze e il mattino, al risveglio, rimarrà quello strano sapore in bocca, quella domanda di realtà inevasa: nelle notti bianche, negli improbabili intrecci e nei sussurri furtivi di due ipotetici amanti, qual è il vero confine del sogno?'),
                      ('9788868361297', 'L’acchiappasogni',12.90, '2013-11-04', 'Sperling & Kufer', 5, 35, './img/LAcchiappasogni.jpg', 'Tempo fa, a Derry, la città del terrore di It e Insomnia, quattro ragazzini coraggiosi compirono una buona azione. Che li trasformò per sempre. Da grandi, Henry, Jonesy, Beav e Pete hanno preso strade diverse, ma due cose hanno mantenuto un richiamo irresistibile: una è il legame con il bambino molto, molto particolare che aiutarono quel giorno lontano e l‘altra è la fantastica battuta di caccia al cervo che ogni anno li riunisce nel Maine, là nella baita dove ondeggia quel curioso oggetto indiano chiamato acchiappasogni. Però stavolta li aspetta una brutta avventura: il cielo promette ben peggio di una forte nevicata e nel folto si aggira qualcuno, qualcosa, che amerebbe tanto abitare sulla Terra.'),
                      ('9788868362041', 'Cujo',10.90, '2014-05-10', 'Sperling & Kufer', 0, 20, './img/Cujo.jpg',  'A Castle Rock, una sonnolenta cittadina del Maine, la vita scorre sui soliti binari. Cujo, il docile San Bernardo del meccanico, scorrazza libero per la campagna, finché una notte il suo padroncino, aprendo la porta del ripostiglio, non vede emergere dalle tenebre due occhi infuocati. Chi è la creatura diabolica che da quel momento comincia a seminare ovunque terrore e desolazione? È forse Cujo che, diventato idrofobo, si è trasformato nell’incarnazione stessa del male?'),
                      ('9788834009086', 'Scrivere zen',16.00, '1987-12-15', 'Astrolabio Ubaldini', 5, 15, './img/ScrivereZen.jpg', 'Con intelligenza, umorismo e affettuoso senso pratico, Natalie Goldberg esorta tutti coloro che non scrivono, e anche quelli che già lo fanno, a prendere in mano la matita o il pennarello, la biro o la stilografica, la macchina da scrivere o, perché no, il ‘personal’, e a scrivere.'),
                      ('9788804735144', 'La casa sul mare celeste',18.00, '2021-07-13', 'Mondadori', 10, 30, './img/LaCasa.jpg', 'Linus Baker è un assistente sociale impiegato al Dipartimento della Magia Minorile. Il compito che esegue con scrupolosa professionalità è assicurarsi che i bambini dotati di poteri magici, cresciuti in appositi istituti in modo da proteggere quelli "normali", siano ben accuditi. La vita di Linus è decisamente tranquilla, per non dire monotona: vive in una casetta solitaria in compagnia di una gatta schiva e dei suoi amati dischi in vinile. Tutto cambia quando, inaspettatamente, viene convocato nell’ufficio della Suprema Dirigenza. È stato scelto per un compito inconsueto e top secret: dovrà recarsi su un’isola remota, Marsyas, e stabilire se l’orfanotrofio diretto da un certo Arthur Parnassus abbia i requisiti per rimanere aperto. Appena mette piede sull’isola, Linus si rende conto che i sei bambini ospitati nella struttura sono molto diversi da tutti quelli di cui ha dovuto occuparsi in passato. Il più enigmatico tra gli abitanti di Marsyas è però Arthur Parnassus, che dietro ai modi affabili nasconde un terribile segreto. Un’incantevole storia d’amore ambientata in una realtà fantastica, meravigliosamente narrata, su cosa significhi accorgersi che, a volte, si può scegliere la vita che si vuole. E, se si è abbastanza fortunati, magari quella vita ci sceglie a sua volta.'),
                      ('9788804750185', 'Ancora una fermata',19.00, '2022-06-07', 'Mondadori', 20, 50, './img/AncoraUnaFermata.jpg', 'August Landry ha ventitré anni e ha trascorso gli ultimi cinque spostandosi da una città – e università – a un’altra. Cinica e disincantata, non si fida di nessuno e porta sempre con sé un coltellino svizzero perché, come le ha insegnato sua madre, “è meglio non farsi cogliere impreparate”. Quando decide di trasferirsi a New York, non ha grandi aspettative. Dopotutto è cresciuta pensando che non ci sia alcuna “magia” nella vita, che le storie d’amore tanto celebrate nei film non esistano e, soprattutto, che possiamo contare solo su noi stessi perché, in fondo, siamo soli al mondo. Mai e poi mai potrebbe immaginare che proprio nei suoi eccentrici coinquilini troverà la famiglia che le è sempre mancata e un posto da poter finalmente chiamare casa. E, soprattutto, che i suoi viaggi quotidiani in metropolitana diventeranno qualcosa di eccitante. Chi poteva pensare, infatti, che nella sua vita sarebbe piombata lei, Jane, la ragazza con la giacca di pelle nera che August incontra ogni volta che prende la linea Q. Jane, la parte migliore della sua giornata. Sarebbe davvero tutto perfetto se non fosse che la ragazza sembra incapace di scendere, da quel vagone della metro. Ma August non è una che si arrende facilmente e farà di tutto, compreso ciò che del suo passato aveva cercato di lasciarsi alle spalle, pur di “salvarla”. E forse salvare anche se stessa imparando che, alla fine, vale la pena iniziare a credere in qualcosa. E negli altri.'),
                      ('9788845930959', 'L’incubo di Hill House',12.00, '2016-07-03', 'Adelphi', 0, 20, './img/HillHouse.jpg', 'Chiunque abbia visto qualche film del terrore con al centro una costruzione abitata da sinistre presenze si sarà trovato a chiedersi almeno una volta perché le vittime di turno non optino, prima che sia troppo tardi, per la soluzione più semplice - e cioè non escano dalla stessa porta dalla quale sono entrati, allontanandosi senza voltarsi indietro. A tale domanda, meno oziosa di quanto potrebbe parere, questo romanzo fornisce una risposta. Non è infatti la fragile e indifesa Eleanor Vance a scegliere la Casa, prolungando l’esperimento paranormale in cui l’ha coinvolta l’inquietante professor Montague. È la Casa - con le sue torrette buie, le sue porte che sembrano aprirsi da sole - a scegliere, per sempre, Eleanor Vance.'),
                      ('9788845921841', 'La lotteria',10.00, '2007-05-16', 'Adelphi', 10, 15, './img/Lotteria.jpg', 'Il racconto di Shirley Jackson intitolato "La lotteria" ricorda da vicino, per la fama che lo circonda, la famigerata lettura radiofonica della Guerra dei Mondi di Orson Welles. Fama non immeritata, giacché la pubblicazione sul "New Yorker" nel 1949, scatenò un pandemonio. Molti lo presero alla lettera, reagendo all’istante e poi per lungo tempo con missive indignate o atterrite alla redazione. Certe cose non potevano, non dovevano succedere. Eppure la storia si presenta in tutta innocenza quale pura e semplice descrizione della lotteria che si svolge nell’atmosfera pastorale, quasi idilliaca, di un villaggio del New England in un luminoso mattino di giugno, come ogni anno da tempo immemore. Ma giunto al termine di questo racconto, come degli altri che compongono l’intensa silloge qui proposta, il lettore scoprirà da sé, in un crescendo di "brividi sommessi e progressivi" - come diceva Dorothy Parker che cosa li rende dei classici del terrore. Secondo un altro illustre ammiratore della Jackson, oltre che maestro del genere, Stephen King, lo sono perché "finiscono con una svolta che porta dritto in un vicolo buio".'),
                      ('9781408883433', 'Il priorato dell‘albero delle arance',27.00, '2019-11-30', 'Mondadori', 15, 40, './img/Priorato.jpg', 'Il romanzo fantasy dell’anno. La casa di Berethnet ha regnato su Inys per mille anni ma ora sembra destinata a estinguersi se la regina Sabran IX non si sposerà e darà alla luce una figlia. I tempi sono difficili, gli assassini si nascondono nell’ombra della corte. A vegliare segretamente su Sabran c’è Ead Duryan, adepta di una società segreta che, grazie ai suoi incantesimi, protegge la sovrana. Ma la magia è ufficialmente proibita a Inys... Tra draghi, lotte per il potere e indimenticabili eroine, l’epico fantasy al femminile per il nuovo millennio.'),
                      ('9788834610572', 'Il caso Alaska Sanders',20.90, '2022-05-03', 'La Nave di Teseo', 0, 10, './img/Alaska.jpg', 'Aprile 1999, Mount Pleasant, New Hampshire. Il corpo di una giovane donna, Alaska Sanders, viene ritrovato in riva a un lago. L’inchiesta viene rapidamente chiusa, la polizia ottiene le confessioni del colpevole, che si uccide subito dopo, e del suo complice. Undici anni più tardi, però, il caso si ripresenta. Il sergente Perry Gahalowood, che all’epoca si era occupato delle indagini, riceve una inquietante lettera anonima. E se avesse seguito una falsa pista? L’aiuto del suo amico scrittore Marcus Goldman, che ha appena ottenuto un enorme successo con La verità sul caso Harry Quebert, ispirato dalla loro comune esperienza, sarà ancora una volta fondamentale per scoprire la verità. Ma c’è un mistero nel mistero: la scomparsa di Harry Quebert. I fantasmi del passato ritornano e, fra di essi, quello di Harry Quebert.'),
                      ('9788811608769', 'Finché il caffè è caldo',16, '2020-03-12', 'Garzanti', 5, 20, './img/Caffe.png', 'Una bottega dove ritrovare la felicità. Un tavolino, un caffè, una scelta. Basta solo questo per essere felici. Ecco le 5 regole da seguire: 1. Sei in una caffetteria speciale. C’è un unico tavolino e aspetta solo te. 2. Siediti e attendi che il caffè ti venga servito. 3. Tieniti pronto a rivivere un momento importante della tua vita. 4. Mentre lo fai ricordati di gustare il caffè a piccoli sorsi. 5. Non dimenticarti la regola fondamentale: non lasciare per alcuna ragione che il caffè si raffreddi. In Giappone c’è una caffetteria speciale. È aperta da più di cento anni e, su di essa, circolano mille leggende. Si narra che dopo esserci entrati non si sia più gli stessi. Si narra che bevendo il caffè sia possibile rivivere il momento della propria vita in cui si è fatta la scelta sbagliata, si è detta l’unica parola che era meglio non pronunciare, si è lasciata andare via la persona che non bisognava perdere. Si narra che con un semplice gesto tutto possa cambiare. Ma c’è una regola da rispettare, una regola fondamentale: bisogna assolutamente finire il caffè prima che si sia raffreddato. Non tutti hanno il coraggio di entrare nella caffetteria, ma qualcuno decide di sfidare il destino e scoprire che cosa può accadere. Qualcuno si siede su una sedia con davanti una tazza fumante. Fumiko, che non è riuscita a trattenere accanto a sé il ragazzo che amava. Kotake, che insieme ai ricordi di suo marito crede di aver perso anche sé stessa. Hirai, che non è mai stata sincera fino in fondo con la sorella. Infine Kei, che cerca di raccogliere tutta la forza che ha dentro per essere una buona madre. Ognuna di loro ha un rimpianto. Ognuna di loro sente riaffiorare un ricordo doloroso. Ma tutti scoprono che il passato non è importante, perché non si può cambiare. Quello che conta è il presente che abbiamo tra le mani. Quando si può ancora decidere ogni cosa e farla nel modo giusto. La vita, come il caffè, va gustata sorso dopo sorso, cogliendone ogni attimo. Finché il caffè è caldo è diventato un caso editoriale in Giappone, dove ha venduto oltre un milione di copie. Poi ha conquistato tutto il mondo e le classifiche europee a pochi giorni dall’uscita. Un romanzo pieno di fascino e mistero sulle occasioni perdute e sull’importanza di quelle ancora da vivere.'),
                      ('9788804667926', 'La fattoria degli animali',11, '2016-06-21', 'Mondadori', 5, 10, './img/Fattoria.png', 'Tutti gli animali sono uguali, ma alcuni animali sono più uguali degli altri. Stanchi dei soprusi, gli animali di una fattoria decidono di ribellarsi agli umani e, cacciato il proprietario, danno vita a un nuovo ordine fondato sull’uguaglianza. Ben presto, però, emerge tra loro una nuova classe di burocrati, i maiali, che con astuzia, cupidigia e prepotenza si impongono sugli altri animali. L’acuta satira orwelliana contro il totalitarismo è unita in questo apologo a una felicità inventiva e a un’energia stilistica che pongono "La fattoria degli animali" tra le opere più celebri della narrativa del Novecento.'),
                      ('9788807901379', 'Romeo e Giulietta',9, '2014-06-04', 'Feltrinelli', 5, 5, './img/Giulietta.jpg', 'In "Romeo e Giulietta" (1595-1596) la morte è presente in vario modo fin dall’inizio. Ma è con il duello tra Mercuzio e Tebaldo che essa entra realmente in scena e avvia quella sua presa di possesso della città cui la tragedia conduce. Non solo, ma che la prima vittima sia Mercuzio, simbolo di giovinezza e di libertà, della gioia di vivere e della stessa gioia di far teatro, è anche indicativo di chi sia l’oggetto di questo assalto della morte: non i vecchi, ma i giovani, non il declinare della vita, ma il suo sbocciare, non la stanchezza, l’aridità del cuore, ma la sua freschezza, il suo desiderio d’amore. Tebaldo uccide Mercuzio; Romeo uccide Tebaldo, finché, come sappiamo, la morte aggredisce anche Romeo e Giulietta, e la "bella Verona" celebrata all’inizio si trasforma in una tomba. Nulla di vivo resta se non i vecchi, la cui faida e il cui egoismo, non il caso, hanno ucciso i giovani. Romeo e Giulietta potranno finalmente stare insieme ma solo nella cripta, con il loro amore raggelato per l’eternità nelle statue d’oro che i carnefici eleveranno a ricordo.'),
                      ('9788804665298', 'Fahrenheit 451',12.50, '2016-05-10', 'Mondadori', 0, 20, './img/F451.jpg', 'Montag fa il pompiere in un mondo in cui ai pompieri non è richiesto di spegnere gli incendi, ma di accenderli: armati di lanciafiamme, fanno irruzione nelle case dei sovversivi che conservano libri e li bruciano. Così vuole fa legge. Montag però non è felice della sua esistenza alienata, fra giganteschi schermi televisivi, una moglie che gli è indifferente e un lavoro di routine. Finché, dall’incontro con una ragazza sconosciuta, inizia per lui la scoperta di un sentimento e di una vita diversa, un mondo di luce non ancora offuscato dalle tenebre della imperante società tecnologica.'),
                      ('9788809873475', 'La stanza delle farfalle',13, '2021-01-05', 'Giunti Editore', 10, 2, './img/Farfalle.png', 'Personaggi indimenticabili e sconvolgenti verità in questo nuovo incantevole romanzo dall’autrice bestseller Lucinda Riley. Alla soglia dei 70 anni, Posy vive ancora a Admiral House, la casa dove ha trascorso la sua infanzia a caccia di splendide farfalle e dove ha cresciuto i suoi figli, Sam e Nick. Ma di anno in anno la splendida villa di campagna è sempre più fatiscente e ha bisogno di una consistente ristrutturazione che Posy, con il suo impiego part-time nella galleria d’arte, non può proprio permettersi. Forse, per quanto sia doloroso abbandonare un luogo così pieno di ricordi, è arrivato il momento di prendere una difficile decisione. Coraggiosa e determinata, abituata a cavarsela da sola ma premurosa e sempre presente nella vita dei suoi familiari, Posy si convince a vendere la casa. Ma è proprio allora che il passato torna inaspettatamente a bussare alla sua porta: Freddie, il suo grande amore, l’uomo che avrebbe voluto sposare cinquant’anni prima e che era scomparso senza dare spiegazioni, è tornato e vorrebbe far di nuovo parte della sua vita. Come se ciò non bastasse, Sam, con le sue dubbie capacità imprenditoriali, si mette in testa di rilevare Admiral House e Nick, dopo anni in Australia, torna a vivere in Inghilterra. Esistono segreti terribili, il cui potere non svanisce nel tempo e solo il vero amore può perdonare. Posy ancora non sa che sono custoditi molto, troppo, vicino a lei.'),
                      ('9788804716709', 'Hunger Games #1',13, '2019-10-09', 'Mondadori', 5, 12, './img/Hunger1.png', 'Quando Katniss urla "Mi offro volontaria, mi offro volontaria come tributo!" sa di aver appena firmato la sua condanna a morte. È il giorno dell’estrazione dei partecipanti agli Hunger Games, un reality show organizzato ogni anno da Capitol City con una sola regola: uccidi o muori. Ognuno dei Distretti deve sorteggiare un ragazzo e una ragazza tra i 12 e i 18 anni che verrà gettato nell’Arena a combattere fino alla morte. Ne sopravvive uno solo, il più bravo, il più forte, ma anche quello che si conquista il pubblico, gli sponsor, l’audience. Katniss appartiene al Distretto 12, quello dei minatori, quello che gli Hunger Games li ha vinti solo due volte in 73 edizioni, e sa di aver poche possibilità di farcela. Ma si è offerta al posto di sua sorella minore e farà di tutto per tornare da lei. Da quando è nata ha lottato per vivere e lo farà anche questa volta. Nella sua squadra c’è anche Peeta, un ragazzo gentile che però non ha la stoffa per farcela. Lui è determinato a mantenere integri i propri sentimenti e dichiara davanti alle telecamere di essere innamorato di Katniss. Ma negli Hunger Games non esistono gli amici, non esistono gli affetti, non c’è spazio per l’amore. Bisogna saper scegliere e, soprattutto, per vincere bisogna saper perdere, rinunciare a tutto ciò che ti rende Uomo.'),
                      ('9788804716723', 'Hunger Games #2',13, '2019-10-09', 'Mondadori', 5, 8, './img/Hunger2.png', 'Non puoi rifiutarti di partecipare agli Hunger Games. Una volta scelto, il tuo destino è scritto. Dovrai lottare fino all’ultimo, persino uccidere per farcela. Katniss ha vinto. Ma è davvero salva? Dopo la settantaquattresima edizione degli Hunger Games, l’implacabile reality show che si svolge a Panem ogni anno, lei e Peeta sono, miracolosamente, ancora vivi. Katniss dovrebbe sentirsi sollevata, perfino felice. Dopotutto, è riuscita a tornare dalla sua famiglia e dall’amico di sempre, Gale. Invece nulla va come Katniss vorrebbe. Gale è freddo e la tiene a distanza. Peeta le volta le spalle. E in giro si mormora di una rivolta contro Capitol City, che Katniss e Peeta potrebbero avere contribuito a fomentare. La ragazza di fuoco è sconvolta: ha acceso una sommossa. Ora ha paura di non riuscire a spegnerla. E forse non vuole neppure farlo. Mentre si avvicina il momento in cui lei e Peeta dovranno passare da un distretto all’altro per il crudele Tour della Vittoria, la posta in gioco si fa sempre più alta. Se non riusciranno a dimostrare di essere perdutamente innamorati l’uno dell’altra, Katniss e Peeta rischiano di pagare con la vita...'),
                      ('9788829705320', 'Circe',11.40, '2021-01-14', 'Marsilio', 0, 9, './img/Circe.png', 'Ci sembra di sapere tutto della storia di Circe, la maga raccontata da Omero, che ama Odisseo e trasforma i suoi compagni in maiali. Eppure esistono un prima e un dopo nella vita di questa figura, che ne fanno uno dei personaggi femminili più fascinosi e complessi della tradizione classica. Circe è figlia di Elios, dio del sole, e della ninfa Perseide, ma è tanto diversa dai genitori e dai fratelli divini: ha un aspetto fosco, un carattere difficile, un temperamento indipendente; è perfino sensibile al dolore del mondo e preferisce la compagnia dei mortali a quella degli dèi. Quando, a causa di queste sue eccentricità, finisce esiliata sull’isola di Eea, non si perde d’animo, studia le virtù delle piante, impara a addomesticare le bestie selvatiche, affina le arti magiche. Ma Circe è soprattutto una donna di passioni: amore, amicizia, rivalità, paura, rabbia, nostalgia accompagnano gli incontri che le riserva il destino – con l’ingegnoso Dedalo, con il mostruoso Minotauro, con la feroce Scilla, con la tragica Medea, con l’astuto Odisseo, naturalmente, e infine con la misteriosa Penelope. Finché – non più solo maga, ma anche amante e madre – dovrà armarsi contro le ostilità dell’Olimpo e scegliere, una volta per tutte, se appartenere al mondo degli dèi, dov’è nata, o a quello dei mortali, che ha imparato ad amare. Poggiando su una solida conoscenza delle fonti e su una profonda comprensione dello spirito greco, Madeline Miller fa rivivere una delle figure più conturbanti del mito e ci regala uno sguardo originale sulle grandi storie dell’antichità.'),
                      ('9788883379079', '1984',4.90, '2021-01-01', 'Crescere', 5, 30, './img/1984.png', '"1984" (tit. orig. "Nineteen Eighty-Four") è il più celebre romanzo di George Orwell ed è stato scritto nel 1948. Una guerra devastante ha suddiviso il pianeta in tre super-potenze, in lotta fra loro e governate da regimi totalitari: Oceania, Eurasia ed Estasia. È nella prima che Winston vive e lavora da uomo qualunque. Nell’animo, però, sembra l’unico a rifiutare la società voluta dal Partito e la filosofia imposta, che non permette tanto l’amore quanto il libero pensiero. La sua ribellione è interiore, ma col tempo si concretizza in azioni sempre più pericolose. La sua vita viene stravolta quando incontra Julia, una ragazza che solo in apparenza sembra calata nelle logiche del sistema… "1984" è un romanzo di grande importanza e attualità. Ammonisce contro ogni forma di totalitarismo, di falsificazione della realtà e della storia, corrotta dai mezzi d’informazione, e contro l’annullamento dell’identità individuale. Significativa è la traduzione italiana di "Big Brother" (fratello maggiore) che ormai è rimasta nel nostro immaginario come quella di "Grande Fratello".'),
                      ('9788807900846', 'Orgoglio e pregiudizio',9.50, '2013-10-01', 'Feltrinelli', 10, 10, './img/Orgoglio.png', 'Jane Austen è una delle poche, autentiche grandi scrittrici che hanno saputo fare breccia nei cuori e nelle menti di tutti i lettori, senza eccezioni. Fra i suoi tanti capolavori, "Orgoglio e pregiudizio" (pubblicato nel 1813) è sicuramente il più popolare e amato: le cinque figlie dell’indimenticabile Mrs Bennet, tutte in cerca di un’adeguata sistemazione matrimoniale, offrono l’occasione per tracciare un quadro frizzante e profondo della vita nella campagna inglese di fine Settecento. I destini di Elizabeth, Jane, Mr Bingley e dell’ombroso Mr Darcy intrecciano un balletto irresistibile, una danza psicologica che getta luce sulla multiforme imprendibilità dell’animo umano, specie quando si trova alle prese con l’amore o qualcosa che all’amore somiglia.');

INSERT INTO Genere VALUES
                       ('Narrativa'),
                       ('Horror'),
                       ('Dramma'),
                       ('Fantascienza'),
                       ('Thriller'),
                       ('Autoaiuto'),
                       ('Fantasy'),
                       ('Mistero'),
                       ('Satira'),
                       ('Distopico'),
                       ('Romanzo storico'),
                       ('Rosa');

INSERT INTO Appartenenza VALUES
                             ('9788883379529','Narrativa'),
                             ('9788868361297','Horror'),
                             ('9788845921841','Horror'),
                             ('9788868361297','Dramma'),
                             ('9788868361297','Fantascienza'),
                             ('9788868361297','Thriller'),
                             ('9788868362041','Horror'),
                             ('9788868362041','Dramma'),
                             ('9788834009086','Autoaiuto'),
                             ('9788804735144','Narrativa'),
                             ('9788804735144','Fantasy'),
                             ('9788804750185','Rosa'),
                             ('9788809873475','Rosa'),
                             ('9788807900846','Rosa'),
                             ('9788807900846','Narrativa'),
                             ('9788845930959','Horror'),
                             ('9781408883433','Fantasy'),
                             ('9788811608769','Narrativa'),
                             ('9788804667926','Satira'),
                             ('9788807901379','Dramma'),
                             ('9788807901379','Narrativa'),
                             ('9788804665298','Distopico'),
                             ('9788804716709','Distopico'),
                             ('9788804716709','Dramma'),
                             ('9788804716723','Distopico'),
                             ('9788883379079','Distopico'),
                             ('9788883379079','Fantascienza'),
                             ('9788804716723','Dramma'),
                             ('9788834610572','Mistero'),
                             ('9788829705320','Romanzo storico'),
                             ('9788829705320','Fantasy'),
                             ('9788845930959','Narrativa');

INSERT INTO Autore VALUES
                       ('DSTFDR80A01F839G','Fëdor Dostoevskij'),
                       ('STPKNG80A01F839I','Stephen King'),
                       ('GLDNTL80A41F839N','Natalie Goldberg'),
                       ('KLNTLR80A01F839L','TJ Klune'),
                       ('MCQCSY80A41F839G','Casey McQuiston'),
                       ('JCKSRL80A41F839E','Shirley Jackson'),
                       ('TSHKKAWA273F82HS','Toshikazu Kawaguchi'),
                       ('GRGHWL237F8HSHWG','George Orwell'),
                       ('WLMSHKWPR28FH8SN','William Shakespeare'),
                       ('RAYBRDBR27SFH8SN','Ray Bradbury'),
                       ('LCNDRLR27HF72SBC','Lucinda Riley'),
                       ('JLDCKR327HFG21BC','Joël Dicker'),
                       ('SZNCLNS27FH28SBC','Suzanne Collins'),
                       ('MDLNMLLR56FHBGS2','Madeline Miller'),
                       ('JNSTN238FHG2SNDN','Jane Austen'),
                       ('SHNSNT80A01F839I','Samantha Shannon');


INSERT INTO Scrittura VALUES
                          ('9788883379529','DSTFDR80A01F839G'),
                          ('9788868361297','STPKNG80A01F839I'),
                          ('9788868362041','STPKNG80A01F839I'),
                          ('9788834009086','GLDNTL80A41F839N'),
                          ('9788804735144','KLNTLR80A01F839L'),
                          ('9788804750185','MCQCSY80A41F839G'),
                          ('9788845930959','JCKSRL80A41F839E'),
                          ('9788845921841','JCKSRL80A41F839E'),
                          ('9788811608769','TSHKKAWA273F82HS'),
                          ('9788804667926','GRGHWL237F8HSHWG'),
                          ('9788883379079','GRGHWL237F8HSHWG'),
                          ('9788807901379','WLMSHKWPR28FH8SN'),
                          ('9788804665298','RAYBRDBR27SFH8SN'),
                          ('9788809873475','LCNDRLR27HF72SBC'),
                          ('9788834610572','JLDCKR327HFG21BC'),
                          ('9788804716709','SZNCLNS27FH28SBC'),
                          ('9788804716723','SZNCLNS27FH28SBC'),
                          ('9788829705320','MDLNMLLR56FHBGS2'),
                          ('9788807900846','JNSTN238FHG2SNDN'),
                          ('9781408883433','SHNSNT80A01F839I');

INSERT INTO Utente VALUES
                       ('mariorossi@gmail.com','Mario','Rossi','7C4A8D09CA3762AF61E59520943DC26494F8941B',false),
                       ('lindabianchi@libero.it','Linda','Bianchi','1F6CCD2BE75F1CC94A22A773EEA8F8AEB5C68217',false),
                       ('lucaruocco@hotmail.it','Luca','Ruocco','431ACC6DBC62501D4D0A67A9515A2D4C4B909E64',false),
                       ('rosagiudice@gmail.com','Rosa','Giudice','6F47C44AD9FF9D642008B84406E95D2E70D324F1',false),
                       ('danielefabiano@hotmail.it','Daniele','Fabiano','9C943C55A3D140756BB1AB6088629908C2FB21E5',true),
                       ('marymaselli@libero.it','Mariantonietta','Maselli','7BEF225F10720B39E2645C72B96CEA9ED83CB8C4',true);

INSERT INTO Indirizzo VALUES
                          ("Via Roma","23","Serre","84028","Salerno",'mariorossi@gmail.com'),
                          ("Viale Giuseppe Ungaretti","112","Melzo","20066","Milano",'lindabianchi@libero.it'),
                          ("Via Altabella","2","Bologna","40126","Bologna",'lucaruocco@hotmail.it'),
                          ("Via Borgo dell’Oro","56","Torino","10094","Torino",'lucaruocco@hotmail.it'),
                          ("Via Miramonte","32","Fiesole","50014","Firenze",'rosagiudice@gmail.com'),
                          ("Via Savonella","24","Alberobello","70011","Bari",'rosagiudice@gmail.com');

INSERT INTO Pagamento VALUES
                          ('4716019594082932', '2025-12-01', '176','mariorossi@gmail.com'),
                          ('4532010684511437', '2028-12-01', '335','lindabianchi@libero.it'),
                          ('4716933961025409', '2026-12-01', '874','lucaruocco@hotmail.it'),
                          ('4929409682314169', '2030-12-01', '216','lucaruocco@hotmail.it'),
                          ('4410923939558010', '2030-12-01', '479','rosagiudice@gmail.com');


INSERT INTO Carrello (Utente,Totale) VALUES
                                         ('mariorossi@gmail.com',0.0),
                                         ('lindabianchi@libero.it',0.0),
                                         ('lucaruocco@hotmail.it',0.0),
                                         ('rosagiudice@gmail.com',0.0);